email,firstname,lastname,balance
Jean.author@gmail.com,jean,author,10000
David.allen@gmail.com,david,allen,6000
Scott.young@gmail.com, scott,young,7000
Jean.author@gmail.com,jean,author,10000
David.allen@gmail.com,david,allen,6000
Scott.young@gmail.com, scott,young,7000
Jean.author@gmail.com,jean,author,10000
David.allen@gmail.com,david,allen,6000
Scott.young@gmail.com, scott,young,7000
Jean.author@gmail.com,jean,author,10000
David.allen@gmail.com,david,allen,6000
Scott.young@gmail.com, scott,young,7000
Jean.author@gmail.com,jean,author,10000
David.allen@gmail.com,david,allen,6000
Scott.young@gmail.com, scott,young,7000
Jean.author@gmail.com,jean,author,10000
David.allen@gmail.com,david,allen,6000
Scott.young@gmail.com, scott,young,7000
Jean.author@gmail.com,jean,author,10000
David.allen@gmail.com,david,allen,6000
Scott.young@gmail.com, scott,young,7000
Jean.author@gmail.com,jean,author,10000
David.allen@gmail.com,david,allen,6000
Scott.young@gmail.com, scott,young,7000
